id,member_id,visited_at,status,respondent,notes,summary,keywords,images,deleted_at,created_at,updated_at
wDeNG1v0vQkf,8BYIV1qkGG8U,2026-04-04,absent,,,B-101の1階、黒い玄関がある右側の場所。お会いできなかったのでお土産を置いてきた。,,,,2026-04-04T12:24:07.219598+00:00,2026-04-04T12:24:07.219598+00:00
4C1tuJjF9_xh,Tl6cDk1xo5km,2026-04-04,unknown_address,,,家に行こうとしたが住所がわからず、それっぽい建物はあったが特定できなかった。,,,,2026-04-04T12:24:07.633452+00:00,2026-04-04T12:24:07.633452+00:00
aiF0efMcCSsG,SR496KMjsiVd,2026-04-04,absent,,,竹内ホームという施工系の仕事をしている。玄関先でお土産だけ置いて帰ってきた。,,,,2026-04-04T12:24:08.024278+00:00,2026-04-04T12:24:08.024278+00:00
l_WbKb6SWABB,fLZFRoXtCLbO,2026-04-04,refused,other,,駐車場で尋ねたところ人は出てきたが、鈴木さんですかと聞いたら違いますとぶっきらぼうに断られた。坊主の髭面のおじいさん。,,,,2026-04-04T12:24:07.478274+00:00,2026-04-04T12:24:07.478274+00:00
YPH2bMoPoORA,lWhZZTbjdOCQ,2026-04-04,met,,"{""type"":""doc"",""content"":[{""type"":""paragraph"",""content"":[{""text"":""テスト文章です。"",""type"":""text""}]},{""type"":""paragraph""}]}",,,[],2026-04-05T02:48:06.547+00:00,2026-04-04T14:40:49.529+00:00,2026-04-05T02:48:06.548+00:00
9ajkO1UNpOlY,7w9wTbzibrUs,2026-04-05,met,family,,,,,2026-04-10T13:17:48.045+00:00,2026-04-05T06:01:40.809+00:00,2026-04-10T13:17:48.045+00:00
oLaRlvC6nRTV,lWhZZTbjdOCQ,2026-04-05,met,,"{""type"":""doc"",""content"":[{""type"":""paragraph"",""content"":[{""text"":""テスト"",""type"":""text""}]},{""type"":""paragraph""}]}",,,"[""https://zzkhmocwscuyydyzqpof.supabase.co/storage/v1/object/public/visit-images/visit-images/WvIgWn7blmAD.jpg""]",2026-04-04T16:53:52.948+00:00,2026-04-04T16:47:03.728+00:00,2026-04-04T16:53:52.948+00:00
obYnbu1pP7tZ,lWhZZTbjdOCQ,2026-04-05,unknown_address,,,,,,2026-04-04T16:53:46.086+00:00,2026-04-04T16:36:31.216+00:00,2026-04-04T16:53:46.086+00:00
OAGwGlPa38h4,7w9wTbzibrUs,2026-04-05,absent,,"{""type"":""doc"",""content"":[{""type"":""paragraph"",""content"":[{""text"":""立派な一軒家のお家でした。"",""type"":""text""}]},{""type"":""paragraph"",""content"":[{""text"":""奥様が対応してくださって、インターホン越しに夫の方はいない」という風に言われたので、お土産だけを置いて帰りました。"",""type"":""text""}]}]}",,,,,2026-04-05T06:02:53.172+00:00,2026-04-05T06:03:46.688+00:00
Hf5LKdb-Tdl_,Y1ddepoAGEFG,2026-04-05,met,,"{""type"":""doc"",""content"":[{""type"":""paragraph"",""content"":[{""text"":""201の部屋に行ったけど、転居してました。"",""type"":""text""}]}]}",,,,,2026-04-05T05:55:59.786+00:00,2026-04-05T05:56:23.338+00:00
HPjbQ_ZI8LpY,ym-hga-03,2026-04-18,absent,,"{""type"":""doc"",""content"":[{""type"":""paragraph"",""content"":[{""text"":""一軒家。不在でした。"",""type"":""text""}]}]}",,,,,2026-04-18T06:04:35.102+00:00,2026-04-18T09:15:22.902+00:00
8RG1dosZFkcY,ym-hga-01,2026-04-18,unknown_address,,"{""type"":""doc"",""content"":[{""type"":""paragraph"",""content"":[{""text"":""訪問して、住所がわからなかったので、それっぽい家を訪ねた。不在でした。"",""type"":""text""}]},{""type"":""paragraph""},{""type"":""paragraph"",""content"":[{""text"":""立派な住宅街の中で一軒家です。家も新しめ。"",""type"":""text""}]}]}",,,,,2026-04-18T04:53:21.694+00:00,2026-04-18T09:14:57.901+00:00
AEkSXI2XHwBt,ym-hga-02,2026-04-18,moved,mother,,,,,,2026-04-18T04:41:22.467+00:00,2026-04-18T07:24:57.481+00:00
8zsIQ_Qz-S6F,ym-hga-04,2026-04-18,absent,,"{""type"":""doc"",""content"":[{""type"":""paragraph"",""content"":[{""text"":""結構年季の入った住宅車の門の前に車が1台あったけど、ピンポンを2回終えても出てこなかった。息子さんは同居されてる感じなのかわかんないけど、家の年代は親の方が住まれているんじゃないかなという感じ"",""type"":""text""}]}]}",,,,,2026-04-18T05:49:43.664+00:00,2026-04-18T07:55:59.336+00:00
fA6HuYD3W2xf,ym-toyo-08,2026-04-25,absent,father,"{""type"":""doc"",""content"":[{""type"":""paragraph"",""content"":[{""text"":""一回右隣の違った家に入って、隣ですって言われた。結構古いようなお家で、ピンポン押したら窓からお父さんらしき人が出てきて、その方が何か用を言ってきたので、創価会の山中ですっていうふうに言ったら、息子さんの回答は濁されて、友達？と聞かれた。男子部の山中と再度伝え、差し入れを渡して帰りました。"",""type"":""text""}]}]}",,,,,2026-04-25T07:13:05.712+00:00,2026-04-25T09:32:09.425+00:00
CZGKa7auM-Y0,ym-toyo-15,2026-04-25,unknown_address,,"{""type"":""doc"",""content"":[{""type"":""paragraph"",""content"":[{""text"":""住所のところを訪れたけど、秋田さんという家の住所になっていた。"",""type"":""text""}]}]}",,,,,2026-04-25T06:44:44.623+00:00,2026-04-25T06:45:20.871+00:00
uPtEqJ0RP5vq,ym-toyo-09,2026-04-25,absent,,"{""type"":""doc"",""content"":[{""type"":""paragraph"",""content"":[{""text"":""立派なマンションです。セキュリティーありそうだったけど、普通に入れた。2階に上がり、205に行ったけども不在でした。"",""type"":""text""}]}]}",,,,,2026-04-25T06:31:58.405+00:00,2026-04-25T09:13:41.528+00:00
qIeQo4E4Go6I,ym-toyo-03,2026-04-25,absent,,"{""type"":""doc"",""content"":[{""type"":""paragraph"",""content"":[{""text"":""集合マンションみたいな形の一番右が高桑さんがいる場所で、3階。ピンポンして不在だったので、お菓子を置いて帰ってきました。"",""type"":""text""}]}]}",,,,,2026-04-25T07:23:38.847+00:00,2026-04-25T09:16:27.104+00:00
36fQQ0cTz_Y4,ym-toyo-12,2026-04-25,unknown_address,,"{""type"":""doc"",""content"":[{""type"":""paragraph"",""content"":[{""text"":""住所のところに行ったが、アパートで部屋番号がわからない"",""type"":""text""}]}]}",,,,,2026-04-25T06:35:28.787+00:00,2026-04-25T06:35:51.769+00:00
